Dist Code,Year,State Code,State Name,Dist Name,Crop,Area_ha,Yield_kg_per_ha,N_req_kg_per_ha,P_req_kg_per_ha,K_req_kg_per_ha,Total_N_kg,Total_P_kg,Total_K_kg,Temperature_C,Humidity_%,pH,Rainfall_mm,Wind_Speed_m_s,Solar_Radiation_MJ_m2_day
83,2000,11,Tamil Nadu,Chengalpattu MGR / Kanchipuram,rice,225920.0,3385.27,84.63175,40.62324,74.47594,19120004.96,9177602.3808,16825604.3648,25,80,6.5,1200,2.0,18
83,2001,11,Tamil Nadu,Chengalpattu MGR / Kanchipuram,rice,229580.0,3487.02,87.1755,41.84424,76.71444,20013751.29,9606600.6192,17612101.135199998,25,80,6.5,1200,2.0,18
83,2002,11,Tamil Nadu,Chengalpattu MGR / Kanchipuram,rice,185180.0,3011.18,75.2795,36.13416,66.24596,13940257.81,6691323.7488,12267426.8728,25,80,6.5,1200,2.0,18
83,2003,11,Tamil Nadu,Chengalpattu MGR / Kanchipuram,rice,172060.0,2854.7,71.36749999999999,34.2564,62.8034,12279492.05,5894156.183999999,10805953.004,25,80,6.5,1200,2.0,18
83,2004,11,Tamil Nadu,Chengalpattu MGR / Kanchipuram,rice,168400.0,3010.69,75.26724999999999,36.12828,66.23518,12675004.9,6084002.351999999,11154004.312,25,80,6.5,1200,2.0,18
83,2005,11,Tamil Nadu,Chengalpattu MGR / Kanchipuram,rice,211710.0,2670.92,66.77300000000001,32.05104,58.76024,14136511.830000002,6785525.6784,12440130.4104,25,80,6.5,1200,2.0,18
83,2006,11,Tamil Nadu,Chengalpattu MGR / Kanchipuram,rice,192780.0,3701.63,92.54075,44.41956,81.43586,17840005.785,8563202.776800001,15699205.0908,25,80,6.5,1200,2.0,18
83,2007,11,Tamil Nadu,Chengalpattu MGR / Kanchipuram,rice,170070.0,3711.06,92.7765,44.53272,81.64331999999999,15778499.355,7573679.6904,13885079.432399996,25,80,6.5,1200,2.0,18
83,2008,11,Tamil Nadu,Chengalpattu MGR / Kanchipuram,rice,173110.0,3726.36,93.159,44.71632,81.97992,16126754.49,7740842.155200001,14191543.9512,25,80,6.5,1200,2.0,18
83,2009,11,Tamil Nadu,Chengalpattu MGR / Kanchipuram,rice,171960.0,3417.77,85.44425,41.01324,75.19094,14692993.23,7052636.750399999,12929834.0424,25,80,6.5,1200,2.0,18
83,2010,11,Tamil Nadu,Chengalpattu MGR / Kanchipuram,rice,178960.0,3513.86,87.8465,42.16632,77.30492000000001,15721009.64,7546084.6272,13834488.483200002,25,80,6.5,1200,2.0,18
83,2011,11,Tamil Nadu,Chengalpattu MGR / Kanchipuram,rice,169640.0,4176.2,104.405,50.1144,91.8764,17711264.2,8501406.816,15585912.495999996,25,80,6.5,1200,2.0,18
83,2012,11,Tamil Nadu,Chengalpattu MGR / Kanchipuram,rice,156120.0,4133.62,103.3405,49.60343999999999,90.93964,16133518.86,7744089.052799999,14197496.5968,25,80,6.5,1200,2.0,18
83,2013,11,Tamil Nadu,Chengalpattu MGR / Kanchipuram,rice,181390.0,4649.43,116.23575,55.79316000000001,102.28746,21084002.692500003,10120321.2924,18553922.3694,25,80,6.5,1200,2.0,18
83,2014,11,Tamil Nadu,Chengalpattu MGR / Kanchipuram,rice,158230.0,4525.69,113.14225,54.30828,99.56518,17902498.2175,8593199.144399999,15754198.4314,25,80,6.5,1200,2.0,18
83,2015,11,Tamil Nadu,Chengalpattu MGR / Kanchipuram,rice,199140.0,3758.66,93.9665,45.10392,82.69051999999999,18712488.81,8981994.628800001,16466990.1528,25,80,6.5,1200,2.0,18
83,2016,11,Tamil Nadu,Chengalpattu MGR / Kanchipuram,rice,169580.0,3450.65,86.26625,41.4078,75.9143,14629030.675,7021934.724,12873546.994,25,80,6.5,1200,2.0,18
83,2017,11,Tamil Nadu,Chengalpattu MGR / Kanchipuram,rice,193220.0,4178.74,104.4685,50.14487999999999,91.93228,20185403.57,9688993.7136,17763155.141599998,25,80,6.5,1200,2.0,18
84,2000,11,Tamil Nadu,South Arcot / Cuddalore,rice,267830.0,3473.7,86.8425,41.6844,76.4214,23259026.775,11164332.852,20467943.562000003,25,80,6.5,1200,2.0,18
84,2001,11,Tamil Nadu,South Arcot / Cuddalore,rice,263940.0,3652.12,91.303,43.82544,80.34664000000001,24098513.82,11567286.6336,21206692.1616,25,80,6.5,1200,2.0,18
84,2002,11,Tamil Nadu,South Arcot / Cuddalore,rice,182970.0,2858.39,71.45975,34.30068,62.88458,13074990.4575,6275995.4196,11505991.6026,25,80,6.5,1200,2.0,18
84,2003,11,Tamil Nadu,South Arcot / Cuddalore,rice,179440.0,3078.52,76.96300000000001,36.94224,67.72744,13810240.72,6628915.5456,12153011.8336,25,80,6.5,1200,2.0,18
84,2004,11,Tamil Nadu,South Arcot / Cuddalore,rice,278300.0,3023.9,75.59750000000001,36.2868,66.5258,21038784.250000004,10098616.44,18514130.14,25,80,6.5,1200,2.0,18
84,2005,11,Tamil Nadu,South Arcot / Cuddalore,rice,282730.0,2582.96,64.574,30.99552,56.82512,18257007.02,8763363.3696,16066166.1776,25,80,6.5,1200,2.0,18
84,2006,11,Tamil Nadu,South Arcot / Cuddalore,rice,250220.0,3550.84,88.771,42.61008,78.11848,22212279.62,10661894.2176,19546806.0656,25,80,6.5,1200,2.0,18
84,2007,11,Tamil Nadu,South Arcot / Cuddalore,rice,248200.0,3285.46,82.1365,39.42552,72.28012,20386279.3,9785414.064,17939925.783999998,25,80,6.5,1200,2.0,18
84,2008,11,Tamil Nadu,South Arcot / Cuddalore,rice,254460.0,2652.75,66.31875000000001,31.833,58.3605,16875469.125000004,8100225.180000001,14850412.83,25,80,6.5,1200,2.0,18
84,2009,11,Tamil Nadu,South Arcot / Cuddalore,rice,259970.00000000003,3041.85,76.04624999999999,36.5022,66.9207,19769743.6125,9489476.934,17397374.379,25,80,6.5,1200,2.0,18
84,2010,11,Tamil Nadu,South Arcot / Cuddalore,rice,265750.0,3061.22,76.53049999999999,36.73464,67.34683999999999,20337980.375,9762230.58,17897422.729999997,25,80,6.5,1200,2.0,18
84,2011,11,Tamil Nadu,South Arcot / Cuddalore,rice,250840.0,2869.8,71.745,34.4376,63.1356,17996515.8,8638327.584,15836933.904,25,80,6.5,1200,2.0,18
84,2012,11,Tamil Nadu,South Arcot / Cuddalore,rice,227550.0,3233.66,80.8415,38.80392,71.14052,18395483.325,8829831.996,16188025.326,25,80,6.5,1200,2.0,18
84,2013,11,Tamil Nadu,South Arcot / Cuddalore,rice,297930.0,4573.46,114.3365,54.88152,100.61612,34064273.445,16350851.253599998,29976560.6316,25,80,6.5,1200,2.0,18
84,2014,11,Tamil Nadu,South Arcot / Cuddalore,rice,306160.0,4816.27,120.40675,57.79524000000001,105.95794,36863730.58,17694590.678400002,32440082.910400003,25,80,6.5,1200,2.0,18
84,2015,11,Tamil Nadu,South Arcot / Cuddalore,rice,322290.0,3972.94,99.3235,47.67528,87.40468,32010970.815,15365265.9912,28169654.3172,25,80,6.5,1200,2.0,18
84,2016,11,Tamil Nadu,South Arcot / Cuddalore,rice,314210.0,3924.87,98.12175,47.09844,86.34714,30830835.0675,14798800.8324,27131134.8594,25,80,6.5,1200,2.0,18
84,2017,11,Tamil Nadu,South Arcot / Cuddalore,rice,294850.0,4299.84,107.496,51.59808000000001,94.59648,31695195.6,15213693.888000002,27891772.128,25,80,6.5,1200,2.0,18
85,2000,11,Tamil Nadu,North Arcot / Vellore,rice,134080.0,3420.79,85.51974999999999,41.04948,75.25738,11466488.079999998,5503914.278399999,10090509.5104,25,80,6.5,1200,2.0,18
85,2001,11,Tamil Nadu,North Arcot / Vellore,rice,182800.0,3310.12,82.753,39.72144,72.82263999999999,15127248.4,7261079.232,13311978.591999998,25,80,6.5,1200,2.0,18
85,2002,11,Tamil Nadu,North Arcot / Vellore,rice,70160.0,2926.31,73.15775,35.11572,64.37882,5132747.739999999,2463718.9152,4516818.0112000005,25,80,6.5,1200,2.0,18
85,2003,11,Tamil Nadu,North Arcot / Vellore,rice,101630.0,3017.02,75.4255,36.20424,66.37444,7665493.565,3679436.9112,6745634.337200001,25,80,6.5,1200,2.0,18
85,2004,11,Tamil Nadu,North Arcot / Vellore,rice,146220.0,2876.76,71.91900000000001,34.52112,63.28872000000001,10515996.180000002,5047678.1664,9254076.6384,25,80,6.5,1200,2.0,18
85,2005,11,Tamil Nadu,North Arcot / Vellore,rice,200900.0,2792.33,69.80824999999999,33.50796,61.43126,14024477.424999995,6731749.164,12341540.134,25,80,6.5,1200,2.0,18
85,2006,11,Tamil Nadu,North Arcot / Vellore,rice,153150.0,3233.69,80.84225,38.804280000000006,71.14118,12380990.5875,5942875.482000001,10895271.717,25,80,6.5,1200,2.0,18
85,2007,11,Tamil Nadu,North Arcot / Vellore,rice,156480.0,3414.37,85.35925,40.97244,75.11614,13357015.44,6411367.4112,11754173.5872,25,80,6.5,1200,2.0,18
85,2008,11,Tamil Nadu,North Arcot / Vellore,rice,149310.0,3280.49,82.01225,39.36588,72.17078,12245249.0475,5877719.5428,10775819.1618,25,80,6.5,1200,2.0,18
85,2009,11,Tamil Nadu,North Arcot / Vellore,rice,144950.0,3179.1,79.4775,38.1492,69.9402,11520263.625,5529726.54,10137831.99,25,80,6.5,1200,2.0,18
85,2010,11,Tamil Nadu,North Arcot / Vellore,rice,168710.0,3026.02,75.6505,36.31224,66.57244,12762995.855,6126238.0104,11231436.3524,25,80,6.5,1200,2.0,18
85,2011,11,Tamil Nadu,North Arcot / Vellore,rice,101930.0,4451.58,111.2895,53.41896,97.93476,11343738.735,5444994.5928,9982490.0868,25,80,6.5,1200,2.0,18
85,2012,11,Tamil Nadu,North Arcot / Vellore,rice,127480.0,3752.04,93.801,45.02448,82.54488,11957751.48,5739720.710399999,10522821.3024,25,80,6.5,1200,2.0,18
85,2013,11,Tamil Nadu,North Arcot / Vellore,rice,122000.0,4523.77,113.09425000000002,54.28524000000001,99.52294000000002,13797498.500000002,6622799.280000001,12141798.680000002,25,80,6.5,1200,2.0,18
85,2014,11,Tamil Nadu,North Arcot / Vellore,rice,129710.0,4887.52,122.188,58.65024,107.52544,15849005.480000002,7607522.630400001,13947124.822400002,25,80,6.5,1200,2.0,18
85,2015,11,Tamil Nadu,North Arcot / Vellore,rice,190650.0,3949.44,98.736,47.39328,86.88768,18824018.4,9035528.832,16565136.192,25,80,6.5,1200,2.0,18
85,2016,11,Tamil Nadu,North Arcot / Vellore,rice,183450.0,4021.55,100.53875,48.2586,88.4741,18443833.6875,8853040.17,16230573.645,25,80,6.5,1200,2.0,18
85,2017,11,Tamil Nadu,North Arcot / Vellore,rice,216650.0,4428.49,110.71225,53.14188,97.42678,23985808.9625,11513188.302,21107511.887,25,80,6.5,1200,2.0,18
86,2000,11,Tamil Nadu,Salem,rice,123330.0,3937.81,98.44525,47.25372,86.63181999999999,12141252.6825,5827801.2876,10684302.360599998,25,80,6.5,1200,2.0,18
86,2001,11,Tamil Nadu,Salem,rice,121920.0,4030.68,100.767,48.36816,88.67496,12285512.64,5897046.0672,10811251.1232,25,80,6.5,1200,2.0,18
86,2002,11,Tamil Nadu,Salem,rice,50650.0,3004.15,75.10375,36.049800000000005,66.0913,3804004.937500001,1825922.3700000003,3347524.345,25,80,6.5,1200,2.0,18
86,2003,11,Tamil Nadu,Salem,rice,37070.0,2881.58,72.0395,34.57896,63.39476,2670504.265,1281842.0472,2350043.7532,25,80,6.5,1200,2.0,18
86,2004,11,Tamil Nadu,Salem,rice,67880.0,3082.5,77.0625,36.99,67.815,5231002.5,2510881.2,4603282.2,25,80,6.5,1200,2.0,18
86,2005,11,Tamil Nadu,Salem,rice,107160.0,3259.89,81.49725,39.11868,71.71758,8733245.309999999,4191957.7488,7685255.8728,25,80,6.5,1200,2.0,18
86,2006,11,Tamil Nadu,Salem,rice,81650.0,3485.61,87.14025000000001,41.82732,76.68342000000001,7115001.412500001,3415200.678,6261201.243000001,25,80,6.5,1200,2.0,18
86,2007,11,Tamil Nadu,Salem,rice,67700.0,3477.84,86.946,41.73408,76.51248,5886244.2,2825397.216,5179894.896,25,80,6.5,1200,2.0,18
86,2008,11,Tamil Nadu,Salem,rice,78830.0,4030.32,100.758,48.36384000000001,88.66704000000001,7942753.140000001,3812521.507200001,6989622.763200001,25,80,6.5,1200,2.0,18
86,2009,11,Tamil Nadu,Salem,rice,71870.0,4133.44,103.33599999999998,49.60127999999999,90.93568,7426758.319999998,3564843.993599999,6535547.321599999,25,80,6.5,1200,2.0,18
86,2010,11,Tamil Nadu,Salem,rice,86560.0,4217.65,105.44125,50.6118,92.7883,9126994.6,4380957.408,8031755.248,25,80,6.5,1200,2.0,18
86,2011,11,Tamil Nadu,Salem,rice,83060.0,4584.04,114.601,55.00848,100.84888,9518759.06,4569004.3488,8376507.9728,25,80,6.5,1200,2.0,18
86,2012,11,Tamil Nadu,Salem,rice,48230.0,4127.31,103.18275,49.52772,90.80082000000002,4976504.032500001,2388721.9356,4379323.5486,25,80,6.5,1200,2.0,18
86,2013,11,Tamil Nadu,Salem,rice,85720.0,4945.99,123.64975,59.35188,108.81178,10599256.57,5087643.1536,9327345.7816,25,80,6.5,1200,2.0,18
86,2014,11,Tamil Nadu,Salem,rice,67320.0,5129.68,128.24200000000002,61.556160000000006,112.85296,8633251.440000001,4143960.6912,7597261.267200001,25,80,6.5,1200,2.0,18
86,2015,11,Tamil Nadu,Salem,rice,92850.0,4681.42,117.0355,56.177040000000005,102.99124,10866746.175,5216038.164000001,9562736.634,25,80,6.5,1200,2.0,18
86,2016,11,Tamil Nadu,Salem,rice,80000.0,4676.96,116.924,56.12352,102.89312,9353920.0,4489881.6,8231449.600000001,25,80,6.5,1200,2.0,18
86,2017,11,Tamil Nadu,Salem,rice,73110.0,4929.77,123.24425,59.15724,108.45494,9010387.1175,4324985.8164,7929140.663400001,25,80,6.5,1200,2.0,18
87,2000,11,Tamil Nadu,Coimbatore,rice,108900.0,3426.26,85.65650000000001,41.115120000000005,75.37772,9327992.85,4477436.568000001,8208633.708,25,80,6.5,1200,2.0,18
87,2001,11,Tamil Nadu,Coimbatore,rice,94050.0,2741.1,68.5275,32.8932,60.3042,6445011.375,3093605.46,5671610.01,25,80,6.5,1200,2.0,18
87,2002,11,Tamil Nadu,Coimbatore,rice,83020.0,2174.54,54.3635,26.09448,47.83988,4513257.77,2166363.7296,3971666.8376,25,80,6.5,1200,2.0,18
87,2003,11,Tamil Nadu,Coimbatore,rice,83420.0,1884.92,47.123000000000005,22.61904,41.46824,3931000.6600000006,1886880.3168,3459280.5808,25,80,6.5,1200,2.0,18
87,2004,11,Tamil Nadu,Coimbatore,rice,101270.0,2979.46,74.4865,35.75352,65.54812,7543247.855,3620758.9704,6638058.1124,25,80,6.5,1200,2.0,18
87,2005,11,Tamil Nadu,Coimbatore,rice,103400.0,2449.13,61.22825,29.389560000000003,53.880860000000006,6331001.050000001,3038880.504,5571280.924000001,25,80,6.5,1200,2.0,18
87,2006,11,Tamil Nadu,Coimbatore,rice,99590.0,3092.68,77.317,37.11216,68.03895999999999,7700000.029999999,3696000.0144,6776000.026399999,25,80,6.5,1200,2.0,18
87,2007,11,Tamil Nadu,Coimbatore,rice,95150.0,1933.89,48.34725,23.20668,42.54558,4600240.8375,2208115.6020000004,4048211.937,25,80,6.5,1200,2.0,18
87,2008,11,Tamil Nadu,Coimbatore,rice,104490.0,1865.15,46.62875,22.3818,41.0333,4872238.0875,2338674.282,4287569.517,25,80,6.5,1200,2.0,18
87,2009,11,Tamil Nadu,Coimbatore,rice,104100.0,2146.21,53.65525,25.75452,47.21662,5585511.524999999,2681045.532,4915250.142,25,80,6.5,1200,2.0,18
87,2010,11,Tamil Nadu,Coimbatore,rice,101470.0,2392.48,59.812,28.70976,52.63456,6069123.64,2913179.3472,5340828.8032,25,80,6.5,1200,2.0,18
87,2011,11,Tamil Nadu,Coimbatore,rice,100520.0,3672.92,91.823,44.07504,80.80424,9230047.96,4430423.0208,8122442.204799999,25,80,6.5,1200,2.0,18
87,2012,11,Tamil Nadu,Coimbatore,rice,85870.0,2894.67,72.36675,34.73604,63.68274,6214132.8225,2982783.7548,5468436.8838,25,80,6.5,1200,2.0,18
87,2013,11,Tamil Nadu,Coimbatore,rice,78570.0,1931.27,48.28175,23.17524,42.48794,3793497.0975,1820878.6068,3338277.4458000003,25,80,6.5,1200,2.0,18
87,2014,11,Tamil Nadu,Coimbatore,rice,74800.0,4278.88,106.972,51.34656,94.13536,8001505.6,3840722.688,7041324.928,25,80,6.5,1200,2.0,18
87,2015,11,Tamil Nadu,Coimbatore,rice,80980.0,3593.32,89.83300000000001,43.11984,79.05304000000001,7274676.340000001,3491844.6432000003,6401715.179200001,25,80,6.5,1200,2.0,18
87,2016,11,Tamil Nadu,Coimbatore,rice,70870.0,3749.48,93.737,44.99376,82.48856,6643141.19,3188707.7712000003,5845964.2472,25,80,6.5,1200,2.0,18
87,2017,11,Tamil Nadu,Coimbatore,rice,90170.0,2166.46,54.1615,25.99752,47.66212,4883742.455,2344196.3784,4297693.3604,25,80,6.5,1200,2.0,18
88,2000,11,Tamil Nadu,Tiruchirapalli / Trichy,rice,193190.0,3881.85,97.04625,46.5822,85.4007,18748365.0375,8999215.218,16498561.233,25,80,6.5,1200,2.0,18
88,2001,11,Tamil Nadu,Tiruchirapalli / Trichy,rice,170910.0,3688.49,92.21225,44.26188,81.14677999999999,15759995.6475,7564797.9108,13868796.169799998,25,80,6.5,1200,2.0,18
88,2002,11,Tamil Nadu,Tiruchirapalli / Trichy,rice,111820.0,2715.18,67.8795,32.582159999999995,59.73396,7590285.689999999,3643337.1311999992,6679451.407199999,25,80,6.5,1200,2.0,18
88,2003,11,Tamil Nadu,Tiruchirapalli / Trichy,rice,89950.0,2684.55,67.11375000000001,32.214600000000004,59.060100000000006,6036881.812500001,2897703.2700000005,5312455.995,25,80,6.5,1200,2.0,18
88,2004,11,Tamil Nadu,Tiruchirapalli / Trichy,rice,164480.0,3132.58,78.3145,37.59096,68.91676,12881168.96,6182961.100799999,11335428.6848,25,80,6.5,1200,2.0,18
88,2005,11,Tamil Nadu,Tiruchirapalli / Trichy,rice,173540.0,3005.87,75.14675,36.07044,66.12913999999999,13040966.995,6259664.1576,11476050.9556,25,80,6.5,1200,2.0,18
88,2006,11,Tamil Nadu,Tiruchirapalli / Trichy,rice,153610.0,3727.38,93.1845,44.72856,82.00236000000001,14314071.045,6870754.101600001,12596382.519600002,25,80,6.5,1200,2.0,18
88,2007,11,Tamil Nadu,Tiruchirapalli / Trichy,rice,137920.0,3454.82,86.3705,41.45784,76.00604,11912219.36,5717865.292800001,10482753.0368,25,80,6.5,1200,2.0,18
88,2008,11,Tamil Nadu,Tiruchirapalli / Trichy,rice,154760.0,3727.25,93.18125,44.727,81.9995,14420730.25,6921950.5200000005,12690242.62,25,80,6.5,1200,2.0,18
88,2009,11,Tamil Nadu,Tiruchirapalli / Trichy,rice,147360.0,3912.95,97.82375,46.9554,86.0849,14415307.8,6919347.744,12685470.864,25,80,6.5,1200,2.0,18
88,2010,11,Tamil Nadu,Tiruchirapalli / Trichy,rice,150380.0,3981.63,99.54075,47.77956,87.59586,14968937.985,7185090.2328,13172665.4268,25,80,6.5,1200,2.0,18
88,2011,11,Tamil Nadu,Tiruchirapalli / Trichy,rice,144770.0,4412.36,110.309,52.94832,97.07192,15969433.93,7665328.2864,14053101.858399998,25,80,6.5,1200,2.0,18
88,2012,11,Tamil Nadu,Tiruchirapalli / Trichy,rice,85540.0,3032.89,75.82225,36.39468,66.72358,6485835.265,3113200.9272000003,5707535.0332,25,80,6.5,1200,2.0,18
88,2013,11,Tamil Nadu,Tiruchirapalli / Trichy,rice,115800.0,5094.65,127.36625,61.1358,112.0823,14749011.75,7079525.64,12979130.339999998,25,80,6.5,1200,2.0,18
88,2014,11,Tamil Nadu,Tiruchirapalli / Trichy,rice,125770.0,4849.1,121.2275,58.1892,106.6802,15246782.675,7318455.684,13417168.754,25,80,6.5,1200,2.0,18
88,2015,11,Tamil Nadu,Tiruchirapalli / Trichy,rice,137320.0,4380.47,109.51175,52.56564,96.37034,15038153.51,7218313.6848,13233575.0888,25,80,6.5,1200,2.0,18
88,2016,11,Tamil Nadu,Tiruchirapalli / Trichy,rice,123550.0,4285.73,107.14324999999998,51.42875999999999,94.28605999999998,13237548.537499998,6354023.297999999,11649042.712999998,25,80,6.5,1200,2.0,18
88,2017,11,Tamil Nadu,Tiruchirapalli / Trichy,rice,99630.0,4782.99,119.57475,57.39588,105.22578,11913232.3425,5718351.5244,10483644.4614,25,80,6.5,1200,2.0,18
89,2000,11,Tamil Nadu,Thanjavur,rice,551950.0,3644.38,91.1095,43.73256,80.17636,50287888.525,24138186.492,44253341.902,25,80,6.5,1200,2.0,18
89,2001,11,Tamil Nadu,Thanjavur,rice,551300.0,2764.57,69.11425,33.17484,60.82054,38102686.025,18289289.292000003,33530363.702,25,80,6.5,1200,2.0,18
89,2002,11,Tamil Nadu,Thanjavur,rice,413310.0,1485.06,37.1265,17.82072,32.67132,15344753.715,7365481.7832,13503383.2692,25,80,6.5,1200,2.0,18
89,2003,11,Tamil Nadu,Thanjavur,rice,381390.0,2062.94,51.5735,24.755280000000003,45.38468,19669617.165000003,9441416.239200002,17309263.1052,25,80,6.5,1200,2.0,18
89,2004,11,Tamil Nadu,Thanjavur,rice,480070.0,1851.78,46.2945,22.22136,40.73916,22224600.615,10667808.2952,19557648.5412,25,80,6.5,1200,2.0,18
89,2005,11,Tamil Nadu,Thanjavur,rice,483030.0,1732.86,43.32149999999999,20.79432,38.12291999999999,20925584.145,10044280.3896,18414514.0476,25,80,6.5,1200,2.0,18
89,2006,11,Tamil Nadu,Thanjavur,rice,519190.00000000006,3595.75,89.89375,43.149,79.1065,46671936.06250001,22402529.31,41071303.735,25,80,6.5,1200,2.0,18
89,2007,11,Tamil Nadu,Thanjavur,rice,468180.0,2421.46,60.5365,29.057520000000004,53.27212,28341978.57,13604149.713600002,24940941.1416,25,80,6.5,1200,2.0,18
89,2008,11,Tamil Nadu,Thanjavur,rice,539920.0,1583.66,39.5915,19.00392,34.84052,21376242.680000003,10260596.4864,18811093.5584,25,80,6.5,1200,2.0,18
89,2009,11,Tamil Nadu,Thanjavur,rice,501160.0,2794.29,69.85725000000001,33.53148,61.47438,35009659.410000004,16804636.5168,30808500.280800004,25,80,6.5,1200,2.0,18
89,2010,11,Tamil Nadu,Thanjavur,rice,496120.0,2299.56,57.489,27.59472,50.59032,28521442.680000003,13690292.4864,25098869.5584,25,80,6.5,1200,2.0,18
89,2011,11,Tamil Nadu,Thanjavur,rice,450120.0,4027.91,100.69774999999998,48.33492,88.61401999999998,45326071.23,21756514.1904,39886942.6824,25,80,6.5,1200,2.0,18
89,2012,11,Tamil Nadu,Thanjavur,rice,450220.0,1854.48,46.362,22.25376,40.79856,20873099.64,10019087.8272,18368327.6832,25,80,6.5,1200,2.0,18
89,2013,11,Tamil Nadu,Thanjavur,rice,507500.0,4564.48,114.112,54.77376,100.41856,57911840.0,27797683.2,50962419.2,25,80,6.5,1200,2.0,18
89,2014,11,Tamil Nadu,Thanjavur,rice,543510.0,4039.75,100.99375,48.477,88.8745,54891113.06249999,26347734.27,48304179.495,25,80,6.5,1200,2.0,18
89,2015,11,Tamil Nadu,Thanjavur,rice,548650.0,3092.72,77.318,37.11264,68.03984,42420520.7,20361849.936,37330058.216,25,80,6.5,1200,2.0,18
89,2016,11,Tamil Nadu,Thanjavur,rice,541980.0,2502.07,62.551750000000006,30.024840000000005,55.04554,33901797.465,16272862.783200003,29833581.7692,25,80,6.5,1200,2.0,18
89,2017,11,Tamil Nadu,Thanjavur,rice,520250.0,3537.05,88.42625000000001,42.4446,77.8151,46003756.56250001,22081803.15,40483305.775,25,80,6.5,1200,2.0,18
90,2000,11,Tamil Nadu,Madurai,rice,118060.0,4350.16,108.754,52.20192,95.70352,12839497.239999998,6162958.6752,11298757.5712,25,80,6.5,1200,2.0,18
90,2001,11,Tamil Nadu,Madurai,rice,101660.0,4188.47,104.71175,50.26164000000001,92.14634,10644996.505,5109598.322400001,9367596.924400002,25,80,6.5,1200,2.0,18
90,2002,11,Tamil Nadu,Madurai,rice,73110.0,3006.84,75.17099999999999,36.08208,66.15048,5495751.81,2637960.8688,4836261.5928,25,80,6.5,1200,2.0,18
90,2003,11,Tamil Nadu,Madurai,rice,49600.0,3077.22,76.9305,36.92663999999999,67.69883999999999,3815752.8,1831561.344,3357862.464,25,80,6.5,1200,2.0,18
90,2004,11,Tamil Nadu,Madurai,rice,98040.0,3446.76,86.16900000000001,41.36112,75.82872,8448008.760000002,4055044.2048,7434247.7088,25,80,6.5,1200,2.0,18
90,2005,11,Tamil Nadu,Madurai,rice,110430.0,3396.54,84.9135,40.75848,74.72388,9376997.805,4500958.9464,8251758.068399999,25,80,6.5,1200,2.0,18
90,2006,11,Tamil Nadu,Madurai,rice,100760.0,4098.65,102.46624999999996,49.18379999999999,90.17029999999998,10324499.349999998,4955759.687999999,9085559.427999998,25,80,6.5,1200,2.0,18
90,2007,11,Tamil Nadu,Madurai,rice,93540.0,3681.63,92.04075,44.17956,80.99586000000001,8609491.755,4132556.0424,7576352.744400001,25,80,6.5,1200,2.0,18
90,2008,11,Tamil Nadu,Madurai,rice,101920.0,4122.65,103.06624999999998,49.47179999999999,90.6983,10504512.199999996,5042165.855999999,9243970.736,25,80,6.5,1200,2.0,18
90,2009,11,Tamil Nadu,Madurai,rice,83010.0,4339.0,108.475,52.068000000000005,95.458,9004509.75,4322164.680000001,7923968.580000001,25,80,6.5,1200,2.0,18
90,2010,11,Tamil Nadu,Madurai,rice,94770.0,4559.67,113.99175,54.71603999999999,100.31274,10802998.1475,5185439.110799999,9506638.3698,25,80,6.5,1200,2.0,18
90,2011,11,Tamil Nadu,Madurai,rice,99540.0,4889.99,122.24975,58.67988,107.57978,12168740.115,5840995.2552,10708491.3012,25,80,6.5,1200,2.0,18
90,2012,11,Tamil Nadu,Madurai,rice,37820.0,3792.97,94.82425,45.51564,83.44534,3586253.135,1721401.5048,3155902.7588,25,80,6.5,1200,2.0,18
90,2013,11,Tamil Nadu,Madurai,rice,52000.0,4625.77,115.64425,55.509240000000005,101.76694,6013501.0,2886480.4800000004,5291880.88,25,80,6.5,1200,2.0,18
90,2014,11,Tamil Nadu,Madurai,rice,73630.0,4618.77,115.46925000000002,55.42524,101.61294,8502000.877500001,4080960.4212,7481760.7722,25,80,6.5,1200,2.0,18
90,2015,11,Tamil Nadu,Madurai,rice,85600.0,4147.08,103.677,49.76496,91.23576,8874751.2,4259880.576,7809781.056,25,80,6.5,1200,2.0,18
90,2016,11,Tamil Nadu,Madurai,rice,77180.0,4056.26,101.4065,48.67512,89.23772,7826553.67,3756745.7616,6887367.229599999,25,80,6.5,1200,2.0,18
90,2017,11,Tamil Nadu,Madurai,rice,36780.0,4656.49,116.41225,55.87788,102.44278,4281642.555,2055188.4264,3767845.4484,25,80,6.5,1200,2.0,18
91,2000,11,Tamil Nadu,Ramananthapuram,rice,234240.0,2255.89,56.39725,27.07068,49.62958,13210491.84,6341036.0832,11625232.8192,25,80,6.5,1200,2.0,18
91,2001,11,Tamil Nadu,Ramananthapuram,rice,231160.0,1824.62,45.6155,21.89544,40.14164,10544478.98,5061349.9104,9279141.5024,25,80,6.5,1200,2.0,18
91,2002,11,Tamil Nadu,Ramananthapuram,rice,237500.0,1624.38,40.6095,19.49256,35.736360000000005,9644756.250000002,4629483.0,8487385.500000002,25,80,6.5,1200,2.0,18
91,2003,11,Tamil Nadu,Ramananthapuram,rice,217130.0,527.7,13.1925,6.332400000000001,11.6094,2864487.5250000004,1374954.012,2520749.0220000003,25,80,6.5,1200,2.0,18
91,2004,11,Tamil Nadu,Ramananthapuram,rice,241460.0,2158.66,53.9665,25.90392,47.49052,13030751.09,6254760.5232,11467060.9592,25,80,6.5,1200,2.0,18
91,2005,11,Tamil Nadu,Ramananthapuram,rice,248100.0,2169.69,54.242250000000006,26.03628,47.73318,13457502.225,6459601.068,11842601.958,25,80,6.5,1200,2.0,18
91,2006,11,Tamil Nadu,Ramananthapuram,rice,244550.0,2007.16,50.17900000000001,24.08592,44.157520000000005,12271274.450000005,5890211.7360000005,10798721.516,25,80,6.5,1200,2.0,18
91,2007,11,Tamil Nadu,Ramananthapuram,rice,228710.0,882.82,22.070500000000003,10.59384,19.422040000000003,5047744.055000001,2422917.1464,4442014.7684,25,80,6.5,1200,2.0,18
91,2008,11,Tamil Nadu,Ramananthapuram,rice,242130.0,1816.05,45.40125,21.7926,39.9531,10993004.6625,5276642.238,9673844.103,25,80,6.5,1200,2.0,18
91,2009,11,Tamil Nadu,Ramananthapuram,rice,237840.0,1840.31,46.00775,22.08372,40.48682,10942483.259999998,5252391.9648,9629385.268799998,25,80,6.5,1200,2.0,18
91,2010,11,Tamil Nadu,Ramananthapuram,rice,245900.0,2183.57,54.58925,26.20284,48.03854,13423496.575,6443278.356000001,11812676.986,25,80,6.5,1200,2.0,18
91,2011,11,Tamil Nadu,Ramananthapuram,rice,242400.0,3576.28,89.407,42.91536,78.67816,21672256.8,10402683.264,19071585.984,25,80,6.5,1200,2.0,18
91,2012,11,Tamil Nadu,Ramananthapuram,rice,210110.0,1139.12,28.478,13.669439999999998,25.06064,5983512.579999999,2872086.0383999995,5265491.0704,25,80,6.5,1200,2.0,18
91,2013,11,Tamil Nadu,Ramananthapuram,rice,196900.0,752.46,18.8115,9.02952,16.55412,3703984.35,1777912.488,3259506.228,25,80,6.5,1200,2.0,18
91,2014,11,Tamil Nadu,Ramananthapuram,rice,201570.0,3618.84,90.471,43.42608,79.61448,18236239.470000003,8753394.9456,16047890.7336,25,80,6.5,1200,2.0,18
91,2015,11,Tamil Nadu,Ramananthapuram,rice,212400.0,2794.49,69.86224999999999,33.53388,61.47877999999999,14838741.9,7122596.111999999,13058092.872,25,80,6.5,1200,2.0,18
91,2016,11,Tamil Nadu,Ramananthapuram,rice,215670.0,2072.3,51.807500000000005,24.867600000000003,45.59060000000001,11173323.525,5363195.292,9832524.702,25,80,6.5,1200,2.0,18
91,2017,11,Tamil Nadu,Ramananthapuram,rice,217340.0,2017.36,50.434,24.20832,44.38192,10961325.56,5261436.2688,9645966.4928,25,80,6.5,1200,2.0,18
92,2000,11,Tamil Nadu,Thirunelveli,rice,91910.0,4427.48,110.68699999999998,53.12975999999999,97.40455999999998,10173242.169999998,4883156.241599999,8952453.109599998,25,80,6.5,1200,2.0,18
92,2001,11,Tamil Nadu,Thirunelveli,rice,82180.0,4050.99,101.27475,48.61188,89.12177999999999,8322758.955,3994924.2984,7324027.880399999,25,80,6.5,1200,2.0,18
92,2002,11,Tamil Nadu,Thirunelveli,rice,80930.0,4087.36,102.184,49.04832,89.92192,8269751.120000001,3969480.5376,7277380.9856,25,80,6.5,1200,2.0,18
92,2003,11,Tamil Nadu,Thirunelveli,rice,66010.0,3859.11,96.47775,46.30932,84.90042000000001,6368496.2775,3056878.2132,5604276.724200001,25,80,6.5,1200,2.0,18
92,2004,11,Tamil Nadu,Thirunelveli,rice,103250.0,4134.14,103.3535,49.60968,90.95108,10671248.875000002,5122199.460000001,9390699.01,25,80,6.5,1200,2.0,18
92,2005,11,Tamil Nadu,Thirunelveli,rice,106330.0,3676.2,91.905,44.1144,80.87639999999999,9772258.65,4690684.152,8599587.612,25,80,6.5,1200,2.0,18
92,2006,11,Tamil Nadu,Thirunelveli,rice,113260.0,4231.68,105.792,50.78016,93.09696,11982001.92,5751360.921599999,10544161.6896,25,80,6.5,1200,2.0,18
92,2007,11,Tamil Nadu,Thirunelveli,rice,101770.0,3819.2,95.48,45.8304,84.0224,9716999.6,4664159.808,8550959.648,25,80,6.5,1200,2.0,18
92,2008,11,Tamil Nadu,Thirunelveli,rice,113720.0,4241.73,106.04325,50.90075999999999,93.31806,12059238.39,5788434.427199999,10612129.7832,25,80,6.5,1200,2.0,18
92,2009,11,Tamil Nadu,Thirunelveli,rice,105540.0,4288.04,107.201,51.45648,94.33688,11313993.54,5430716.8992,9956314.3152,25,80,6.5,1200,2.0,18
92,2010,11,Tamil Nadu,Thirunelveli,rice,99770.0,4422.77,110.56925000000004,53.07324000000001,97.30094,11031494.072500002,5295117.1548000015,9707714.7838,25,80,6.5,1200,2.0,18
92,2011,11,Tamil Nadu,Thirunelveli,rice,121600.0,3634.62,90.8655,43.61544,79.96164,11049244.8,5303637.504,9723335.424,25,80,6.5,1200,2.0,18
92,2012,11,Tamil Nadu,Thirunelveli,rice,51630.0,4010.27,100.25675,48.12324,88.22594000000001,5176256.0025,2484602.8812,4555105.2822,25,80,6.5,1200,2.0,18
92,2013,11,Tamil Nadu,Thirunelveli,rice,74010.0,5653.83,141.34575,67.84596,124.38426,10460998.9575,5021279.499600001,9205679.0826,25,80,6.5,1200,2.0,18
92,2014,11,Tamil Nadu,Thirunelveli,rice,101100.0,5117.01,127.92525,61.404120000000006,112.57422,12933242.775,6207956.532000001,11381253.642,25,80,6.5,1200,2.0,18
92,2015,11,Tamil Nadu,Thirunelveli,rice,117070.0,4809.17,120.22925,57.71004,105.80174,14075238.2975,6756114.3828,12386209.7018,25,80,6.5,1200,2.0,18
92,2016,11,Tamil Nadu,Thirunelveli,rice,48440.0,3710.76,92.769,44.52912,81.63672,4493730.36,2156990.5728,3954482.7168,25,80,6.5,1200,2.0,18
92,2017,11,Tamil Nadu,Thirunelveli,rice,77000.0,4612.54,115.3135,55.350480000000005,101.47588,8879139.5,4261986.96,7813642.760000001,25,80,6.5,1200,2.0,18
93,2000,11,Tamil Nadu,The Nilgiris,rice,2030.0,4113.3,102.8325,49.35960000000001,90.4926,208749.975,100199.988,183699.978,25,80,6.5,1200,2.0,18
93,2001,11,Tamil Nadu,The Nilgiris,rice,2150.0,3925.58,98.1395,47.10696,86.36276000000001,210999.925,101279.964,185679.934,25,80,6.5,1200,2.0,18
93,2002,11,Tamil Nadu,The Nilgiris,rice,1850.0,3367.57,84.18925,40.41084,74.08654,155750.1125,74760.054,137060.099,25,80,6.5,1200,2.0,18
93,2003,11,Tamil Nadu,The Nilgiris,rice,1640.0,3298.78,82.46950000000001,39.58536,72.57316,135249.98,64919.9904,119019.9824,25,80,6.5,1200,2.0,18
93,2004,11,Tamil Nadu,The Nilgiris,rice,1440.0,3305.56,82.639,39.66672,72.72232,119000.16,57120.0768,104720.1408,25,80,6.5,1200,2.0,18
93,2005,11,Tamil Nadu,The Nilgiris,rice,1430.0,3300.7,82.5175,39.6084,72.6154,118000.025,56640.012,103840.022,25,80,6.5,1200,2.0,18
93,2006,11,Tamil Nadu,The Nilgiris,rice,1250.0,3200.0,80.0,38.400000000000006,70.4,100000.0,48000.00000000001,88000.0,25,80,6.5,1200,2.0,18
93,2007,11,Tamil Nadu,The Nilgiris,rice,1110.0,3864.86,96.6215,46.37832,85.02692,107249.865,51479.9352,94379.8812,25,80,6.5,1200,2.0,18
93,2008,11,Tamil Nadu,The Nilgiris,rice,780.0,3910.26,97.7565,46.92312,86.02572,76250.07,36600.0336,67100.0616,25,80,6.5,1200,2.0,18
93,2009,11,Tamil Nadu,The Nilgiris,rice,510.0,3490.2,87.255,41.8824,76.78439999999999,44500.05,21360.024,39160.044,25,80,6.5,1200,2.0,18
93,2010,11,Tamil Nadu,The Nilgiris,rice,390.0,3589.74,89.7435,43.07688,78.97428,34999.965,16799.983200000002,30799.9692,25,80,6.5,1200,2.0,18
93,2011,11,Tamil Nadu,The Nilgiris,rice,400.0,4125.0,103.125,49.5,90.75,41250.0,19800.0,36300.0,25,80,6.5,1200,2.0,18
93,2012,11,Tamil Nadu,The Nilgiris,rice,290.0,3965.52,99.138,47.58624,87.24144,28750.02,13800.0096,25300.0176,25,80,6.5,1200,2.0,18
93,2013,11,Tamil Nadu,The Nilgiris,rice,330.0,4303.03,107.57575,51.63636,94.66666,35499.9975,17039.998799999998,31239.9978,25,80,6.5,1200,2.0,18
93,2014,11,Tamil Nadu,The Nilgiris,rice,30.0,5000.0,125.0,60.0,110.0,3750.0,1800.0,3300.0,25,80,6.5,1200,2.0,18
93,2015,11,Tamil Nadu,The Nilgiris,rice,320.0,4437.5,110.9375,53.25,97.625,35500.0,17040.0,31240.0,25,80,6.5,1200,2.0,18
93,2016,11,Tamil Nadu,The Nilgiris,rice,240.0,4292.18,107.3045,51.50616,94.42796,25753.08,12361.4784,22662.7104,25,80,6.5,1200,2.0,18
93,2017,11,Tamil Nadu,The Nilgiris,rice,240.0,3853.56,96.339,46.24272,84.77832,23121.36,11098.2528,20346.7968,25,80,6.5,1200,2.0,18
94,2000,11,Tamil Nadu,Kanyakumari,rice,28590.0,4721.93,118.04825,56.663160000000005,103.88246,3374999.4675000003,1619999.7444000002,2969999.5314,25,80,6.5,1200,2.0,18
94,2001,11,Tamil Nadu,Kanyakumari,rice,28230.0,4300.04,107.501,51.600480000000005,94.60088,3034753.23,1456681.5504,2670582.8424,25,80,6.5,1200,2.0,18
94,2002,11,Tamil Nadu,Kanyakumari,rice,26050.0,3780.04,94.501,45.36048,83.16088,2461751.0500000003,1181640.504,2166340.924,25,80,6.5,1200,2.0,18
94,2003,11,Tamil Nadu,Kanyakumari,rice,17320.0,3054.27,76.35674999999999,36.65124,67.19394,1322498.91,634799.4768000001,1163799.0408,25,80,6.5,1200,2.0,18
94,2004,11,Tamil Nadu,Kanyakumari,rice,22020.0,3927.79,98.19475,47.13348,86.41138,2162248.395,1037879.2296,1902778.5876,25,80,6.5,1200,2.0,18
94,2005,11,Tamil Nadu,Kanyakumari,rice,21710.0,3801.01,95.02525,45.61212,83.62222,2062998.1775,990239.1252,1815438.3962,25,80,6.5,1200,2.0,18
94,2006,11,Tamil Nadu,Kanyakumari,rice,21410.0,4396.54,109.9135,52.75848,96.72388,2353248.035,1129559.0568,2070858.2708,25,80,6.5,1200,2.0,18
94,2007,11,Tamil Nadu,Kanyakumari,rice,20350.0,4432.92,110.823,53.195040000000006,97.52424,2255248.0500000003,1082519.064,1984618.284,25,80,6.5,1200,2.0,18
94,2008,11,Tamil Nadu,Kanyakumari,rice,18190.0,4599.23,114.98075,55.19076,101.18305999999998,2091499.8425,1003919.9244,1840519.8614,25,80,6.5,1200,2.0,18
94,2009,11,Tamil Nadu,Kanyakumari,rice,17310.0,4404.39,110.10975,52.85268000000001,96.89658,1905999.7725,914879.8908000002,1677279.7998,25,80,6.5,1200,2.0,18
94,2010,11,Tamil Nadu,Kanyakumari,rice,16990.0,4731.61,118.29025,56.77932,104.09542,2009751.3475,964680.6468,1768581.1858,25,80,6.5,1200,2.0,18
94,2011,11,Tamil Nadu,Kanyakumari,rice,16620.0,5421.78,135.5445,65.06136000000001,119.27916,2252749.59,1081319.8032000002,1982419.6392,25,80,6.5,1200,2.0,18
94,2012,11,Tamil Nadu,Kanyakumari,rice,12410.0,4663.98,116.5995,55.96776,102.60756,1446999.795,694559.9016,1273359.8195999998,25,80,6.5,1200,2.0,18
94,2013,11,Tamil Nadu,Kanyakumari,rice,13620.0,4897.21,122.43025,58.76652,107.73862,1667500.005,800400.0024,1467400.0044000002,25,80,6.5,1200,2.0,18
94,2014,11,Tamil Nadu,Kanyakumari,rice,13180.0,5078.91,126.97275,60.94691999999999,111.73602,1673500.845,803280.4055999999,1472680.7436,25,80,6.5,1200,2.0,18
94,2015,11,Tamil Nadu,Kanyakumari,rice,12960.0,4304.78,107.6195,51.65736,94.70516,1394748.72,669479.3855999999,1227378.8736,25,80,6.5,1200,2.0,18
94,2016,11,Tamil Nadu,Kanyakumari,rice,12160.0,4003.78,100.0945,48.04536,88.08315999999999,1217149.12,584231.5776000001,1071091.2256,25,80,6.5,1200,2.0,18
94,2017,11,Tamil Nadu,Kanyakumari,rice,9630.0,3431.03,85.77575,41.172360000000005,75.48266000000001,826020.4725,396489.8268,726898.0158,25,80,6.5,1200,2.0,18
